sales_id,date,segment_id,country_id,product_id,discount_type_id,units_sold,manufacturing_price,sale_price
1,2014-01-01,1,3,2,4,1618.5,3,20
2,2014-01-01,1,2,2,4,1321.0,3,20
3,2014-06-01,2,1,2,4,2178.0,3,15
4,2014-06-01,2,2,2,4,888.0,3,15
5,2014-06-01,2,5,2,4,2470.0,3,15
6,2014-12-01,1,2,2,4,1513.0,3,350
7,2014-03-01,2,2,5,4,921.0,5,15
8,2014-06-01,3,3,5,4,2518.0,5,12
9,2014-06-01,1,1,5,4,1899.0,5,20
10,2014-06-01,3,2,5,4,1545.0,5,12
11,2014-06-01,2,5,5,4,2470.0,5,15
12,2014-07-01,4,3,5,4,2665.5,5,125
13,2014-08-01,5,5,5,4,958.0,5,300
14,2014-09-01,1,2,5,4,2146.0,5,7
15,2013-10-01,4,3,5,4,345.0,5,125
16,2014-12-01,2,4,5,4,615.0,5,15
17,2014-02-01,1,3,6,4,292.0,10,20
18,2014-02-01,2,5,6,4,974.0,10,15
19,2014-06-01,3,3,6,4,2518.0,10,12
20,2014-06-01,1,2,6,4,1006.0,10,350
21,2014-07-01,3,2,6,4,367.0,10,12
22,2014-08-01,1,5,6,4,883.0,10,7
23,2013-09-01,2,1,6,4,549.0,10,15
24,2013-09-01,5,5,6,4,788.0,10,300
25,2014-09-01,2,5,6,4,2472.0,10,15
26,2014-10-01,1,4,6,4,1143.0,10,7
27,2013-11-01,1,3,6,4,1725.0,10,350
28,2013-11-01,3,4,6,4,912.0,10,12
29,2013-12-01,2,3,6,4,2152.0,10,15
30,2014-12-01,1,3,6,4,1817.0,10,20
31,2014-12-01,1,2,6,4,1513.0,10,350
32,2014-01-01,1,5,4,4,1493.0,120,7
33,2014-02-01,4,1,4,4,1804.0,120,125
34,2014-03-01,3,2,4,4,2161.0,120,12
35,2014-06-01,1,2,4,4,1006.0,120,350
36,2014-06-01,3,2,4,4,1545.0,120,12
37,2014-08-01,4,4,4,4,2821.0,120,125
38,2013-10-01,4,3,4,4,345.0,120,125
39,2014-02-01,5,3,1,4,2001.0,250,300
40,2014-04-01,3,2,1,4,2838.0,250,12
41,2014-06-01,2,1,1,4,2178.0,250,15
42,2014-06-01,2,2,1,4,888.0,250,15
43,2013-09-01,1,1,1,4,1527.0,250,350
44,2014-09-01,5,1,1,4,2151.0,250,300
45,2014-12-01,1,3,1,4,1817.0,250,20
46,2014-02-01,1,1,3,4,2750.0,260,350
47,2014-04-01,3,4,3,4,1953.0,260,12
48,2014-04-01,4,2,3,4,4219.5,260,125
49,2014-06-01,1,1,3,4,1899.0,260,20
50,2014-07-01,1,2,3,4,1686.0,260,7
51,2014-08-01,3,4,3,4,2141.0,260,12
52,2014-10-01,1,4,3,4,1143.0,260,7
53,2014-12-01,2,4,3,4,615.0,260,15
54,2014-01-01,1,1,6,3,3945.0,10,7
55,2014-02-01,2,1,6,3,2296.0,10,15
56,2014-05-01,1,1,6,3,1030.0,10,7
57,2014-11-01,1,1,4,3,639.0,120,7
58,2014-03-01,1,3,1,3,1326.0,250,7
59,2014-02-01,3,4,2,3,1858.0,3,12
60,2014-03-01,1,5,2,3,1210.0,3,350
61,2014-07-01,1,4,2,3,2529.0,3,7
62,2014-09-01,3,3,2,3,1445.0,3,12
63,2013-09-01,4,4,2,3,330.0,3,125
64,2014-09-01,3,1,2,3,2671.0,3,12
65,2013-10-01,3,2,2,3,766.0,3,12
66,2013-10-01,5,5,2,3,494.0,3,300
67,2014-10-01,1,5,2,3,1397.0,3,350
68,2014-12-01,1,1,2,3,2155.0,3,350
69,2014-03-01,2,5,5,3,2214.0,5,15
70,2014-04-01,5,4,5,3,2301.0,5,300
71,2014-07-01,1,1,5,3,1375.5,5,20
72,2014-08-01,1,3,5,3,1830.0,5,7
73,2013-09-01,5,4,5,3,2498.0,5,300
74,2013-10-01,4,4,5,3,663.0,5,125
75,2014-02-01,2,4,6,3,1514.0,10,15
76,2014-04-01,1,4,6,3,4492.5,10,7
77,2014-06-01,4,4,6,3,727.0,10,125
78,2014-06-01,4,1,6,3,787.0,10,125
79,2014-07-01,4,5,6,3,1823.0,10,125
80,2014-09-01,2,2,6,3,747.0,10,15
81,2013-10-01,3,2,6,3,766.0,10,12
82,2014-11-01,5,4,6,3,2905.0,10,300
83,2014-12-01,1,1,6,3,2155.0,10,350
84,2014-04-01,1,1,4,3,3864.0,120,20
85,2014-05-01,1,5,4,3,362.0,120,7
86,2014-08-01,4,3,4,3,923.0,120,125
87,2013-10-01,4,4,4,3,663.0,120,125
88,2013-11-01,1,3,4,3,2092.0,120,7
89,2014-03-01,1,2,1,3,263.0,250,7
90,2014-04-01,1,3,1,3,943.5,250,350
91,2014-06-01,4,4,1,3,727.0,250,125
92,2014-06-01,4,1,1,3,787.0,250,125
93,2014-09-01,5,2,1,3,986.0,250,300
94,2013-10-01,5,5,1,3,494.0,250,300
95,2014-10-01,1,5,1,3,1397.0,250,350
96,2014-11-01,4,1,1,3,1744.0,250,125
97,2013-09-01,3,4,3,3,1989.0,260,12
98,2013-11-01,2,1,3,3,321.0,260,15
99,2014-04-01,4,3,2,3,742.5,3,125
100,2014-10-01,3,3,2,3,1295.0,3,12
101,2013-10-01,5,2,2,3,214.0,3,300
102,2013-11-01,1,1,2,3,2145.0,3,7
103,2014-12-01,1,3,2,3,2852.0,3,350
104,2014-06-01,3,4,5,3,1142.0,5,12
105,2014-10-01,1,4,5,3,1566.0,5,20
106,2014-11-01,3,5,5,3,690.0,5,12
107,2013-11-01,4,5,5,3,1660.0,5,125
108,2014-02-01,2,3,6,3,2363.0,10,15
109,2014-05-01,5,1,6,3,918.0,10,300
110,2014-05-01,5,2,6,3,1728.0,10,300
111,2014-06-01,3,4,6,3,1142.0,10,12
112,2014-06-01,4,5,6,3,662.0,10,125
113,2014-10-01,3,3,6,3,1295.0,10,12
114,2013-10-01,4,2,6,3,809.0,10,125
115,2013-10-01,4,5,6,3,2145.0,10,125
116,2013-11-01,3,1,6,3,1785.0,10,12
117,2014-12-01,5,3,6,3,1916.0,10,300
118,2014-12-01,1,3,6,3,2852.0,10,350
119,2014-12-01,4,3,6,3,2729.0,10,125
120,2013-12-01,2,4,6,3,1925.0,10,15
121,2013-12-01,1,4,6,3,2013.0,10,7
122,2014-12-01,3,1,6,3,1055.0,10,12
123,2014-12-01,3,5,6,3,1084.0,10,12
124,2014-10-01,1,4,4,3,1566.0,120,20
125,2013-10-01,1,2,4,3,2966.0,120,350
126,2014-10-01,1,2,4,3,2877.0,120,350
127,2013-10-01,4,2,4,3,809.0,120,125
128,2013-10-01,4,5,4,3,2145.0,120,125
129,2014-12-01,3,1,4,3,1055.0,120,12
130,2013-12-01,1,5,4,3,544.0,120,20
131,2014-12-01,3,5,4,3,1084.0,120,12
132,2014-06-01,4,5,1,3,662.0,250,125
133,2013-10-01,5,2,1,3,214.0,250,300
134,2014-10-01,1,2,1,3,2877.0,250,350
135,2014-12-01,4,3,1,3,2729.0,250,125
136,2013-12-01,1,4,1,3,266.0,250,350
137,2013-12-01,1,5,1,3,1940.0,250,350
138,2014-03-01,5,2,3,3,259.0,260,300
139,2014-03-01,5,5,3,3,1101.0,260,300
140,2014-05-01,4,2,3,3,2276.0,260,125
141,2013-10-01,1,2,3,3,2966.0,260,350
142,2014-11-01,1,4,3,3,1236.0,260,20
143,2014-11-01,1,1,3,3,941.0,260,20
144,2014-12-01,5,3,3,3,1916.0,260,300
145,2014-04-01,4,1,2,3,4243.5,3,125
146,2014-04-01,1,2,2,3,2580.0,3,20
147,2014-06-01,5,2,2,3,689.0,3,300
148,2014-09-01,3,4,2,3,1947.0,3,12
149,2013-12-01,3,3,2,3,908.0,3,12
150,2014-02-01,1,2,5,3,1958.0,5,7
151,2014-06-01,3,1,5,3,1901.0,5,12
152,2014-09-01,1,1,5,3,544.0,5,7
153,2013-09-01,1,2,5,3,1797.0,5,350
154,2014-12-01,4,1,5,3,1287.0,5,125
155,2014-12-01,4,2,5,3,1706.0,5,125
156,2014-01-01,5,1,6,3,2434.5,10,300
157,2014-03-01,4,3,6,3,1774.0,10,125
158,2014-06-01,3,1,6,3,1901.0,10,12
159,2014-06-01,5,2,6,3,689.0,10,300
160,2014-06-01,4,2,6,3,1570.0,10,125
161,2014-07-01,3,4,6,3,1369.5,10,12
162,2014-10-01,4,3,6,3,2009.0,10,125
163,2013-10-01,2,2,6,3,1945.0,10,15
164,2014-12-01,4,1,6,3,1287.0,10,125
165,2014-12-01,4,2,6,3,1706.0,10,125
166,2014-10-01,4,3,4,3,2009.0,120,125
167,2014-02-01,5,4,1,3,2844.0,250,300
168,2014-04-01,3,5,1,3,1916.0,250,12
169,2014-06-01,4,2,1,3,1570.0,250,125
170,2014-08-01,5,3,1,3,1874.0,250,300
171,2014-08-01,1,5,1,3,1642.0,250,350
172,2013-10-01,2,2,1,3,1945.0,250,15
173,2014-05-01,1,3,2,3,831.0,3,20
174,2013-09-01,1,5,6,3,1760.0,10,7
175,2014-04-01,1,3,4,3,3850.5,120,20
176,2014-01-01,3,2,1,3,2479.0,250,12
177,2014-10-01,2,5,5,3,2031.0,5,15
178,2014-10-01,2,5,6,3,2031.0,10,15
179,2013-12-01,2,1,6,3,2261.0,10,15
180,2013-09-01,1,4,4,3,736.0,120,20
181,2013-10-01,1,3,2,3,2851.0,3,7
182,2014-10-01,5,2,2,3,2021.0,3,300
183,2014-12-01,1,4,2,3,274.0,3,350
184,2014-03-01,2,3,5,3,1967.0,5,15
185,2014-08-01,5,2,5,3,1859.0,5,300
186,2013-10-01,1,3,5,3,2851.0,5,7
187,2014-10-01,5,2,5,3,2021.0,5,300
188,2014-12-01,4,5,5,3,1138.0,5,125
189,2014-01-01,1,3,6,3,4251.0,10,7
190,2014-03-01,4,2,6,3,795.0,10,125
191,2014-04-01,5,2,6,3,1414.5,10,300
192,2014-05-01,5,4,6,3,2918.0,10,300
193,2014-07-01,1,4,6,3,3450.0,10,350
194,2014-07-01,4,1,6,3,2988.0,10,125
195,2014-09-01,2,3,6,3,218.0,10,15
196,2014-09-01,1,3,6,3,2074.0,10,20
197,2014-09-01,1,4,6,3,1056.0,10,20
198,2013-10-01,2,4,6,3,671.0,10,15
199,2013-10-01,2,5,6,3,1514.0,10,15
200,2014-12-01,1,4,6,3,274.0,10,350
201,2014-12-01,4,5,6,3,1138.0,10,125
202,2014-03-01,3,4,4,3,1465.0,120,12
203,2013-09-01,1,3,4,3,2646.0,120,20
204,2014-10-01,1,1,4,3,2177.0,120,350
205,2014-05-01,3,1,1,3,866.0,250,12
206,2013-09-01,1,4,1,3,349.0,250,350
207,2014-10-01,1,1,1,3,2177.0,250,350
208,2013-10-01,2,5,1,3,1514.0,250,15
209,2014-02-01,1,5,3,3,1865.0,260,350
210,2014-04-01,4,5,3,3,1074.0,260,125
211,2014-09-01,1,2,3,3,1907.0,260,350
212,2013-10-01,2,4,3,3,671.0,260,15
213,2013-12-01,1,3,3,3,1778.0,260,350
214,2013-10-01,1,2,5,1,1159.0,5,7
215,2014-01-01,1,2,6,1,1372.0,10,7
216,2013-09-01,1,3,6,1,2349.0,10,7
217,2014-10-01,1,5,6,1,2689.0,10,7
218,2014-12-01,3,3,6,1,2431.0,10,12
219,2014-12-01,3,3,4,1,2431.0,120,12
220,2014-10-01,1,5,1,1,2689.0,250,7
221,2014-07-01,1,5,3,1,1683.0,260,7
222,2014-08-01,3,5,3,1,1123.0,260,12
223,2013-10-01,1,2,3,1,1159.0,260,7
224,2014-02-01,3,1,2,1,1865.0,3,12
225,2014-02-01,3,2,2,1,1116.0,3,12
226,2014-05-01,1,1,2,1,1563.0,3,20
227,2014-06-01,5,4,2,1,991.0,3,300
228,2013-11-01,1,2,2,1,1016.0,3,7
229,2014-11-01,2,5,2,1,2791.0,3,15
230,2014-12-01,1,4,2,1,570.0,3,7
231,2014-12-01,1,1,2,1,2487.0,3,7
232,2014-01-01,1,1,5,1,1384.5,5,350
233,2014-07-01,4,4,5,1,3627.0,5,125
234,2013-09-01,1,5,5,1,720.0,5,350
235,2014-11-01,3,2,5,1,2342.0,5,12
236,2013-12-01,5,5,5,1,1100.0,5,300
237,2014-02-01,1,1,6,1,1303.0,10,20
238,2014-03-01,4,4,6,1,2992.0,10,125
239,2014-03-01,4,1,6,1,2385.0,10,125
240,2014-04-01,5,5,6,1,1607.0,10,300
241,2014-05-01,1,4,6,1,2327.0,10,7
242,2014-06-01,5,4,6,1,991.0,10,300
243,2014-06-01,1,4,6,1,602.0,10,350
244,2014-09-01,2,1,6,1,2620.0,10,15
245,2013-10-01,1,3,6,1,1228.0,10,350
246,2013-10-01,1,3,6,1,1389.0,10,20
247,2014-10-01,4,4,6,1,861.0,10,125
248,2013-10-01,4,1,6,1,704.0,10,125
249,2013-12-01,1,3,6,1,1802.0,10,20
250,2014-12-01,1,4,6,1,2663.0,10,20
251,2013-12-01,1,1,6,1,2136.0,10,7
252,2013-12-01,2,2,6,1,2116.0,10,15
253,2014-01-01,2,4,4,1,555.0,120,15
254,2014-01-01,2,5,4,1,2861.0,120,15
255,2014-02-01,4,2,4,1,807.0,120,125
256,2014-06-01,1,4,4,1,602.0,120,350
257,2014-08-01,1,4,4,1,2832.0,120,20
258,2014-08-01,1,1,4,1,1579.0,120,20
259,2014-10-01,4,4,4,1,861.0,120,125
260,2013-10-01,4,1,4,1,704.0,120,125
261,2013-12-01,1,1,4,1,1033.0,120,20
262,2014-12-01,5,2,4,1,1250.0,120,300
263,2013-10-01,1,3,1,1,1389.0,250,20
264,2013-11-01,1,4,1,1,1265.0,250,20
265,2013-11-01,1,2,1,1,2297.0,250,20
266,2014-12-01,1,4,1,1,2663.0,250,20
267,2014-12-01,1,4,1,1,570.0,250,7
268,2014-12-01,1,1,1,1,2487.0,250,7
269,2014-02-01,1,2,3,1,1350.0,260,350
270,2014-08-01,1,3,3,1,552.0,260,350
271,2013-10-01,1,3,3,1,1228.0,260,350
272,2014-12-01,5,2,3,1,1250.0,260,300
273,2014-04-01,2,1,6,1,3801.0,10,15
274,2014-01-01,1,4,2,1,1117.5,3,20
275,2014-06-01,2,3,2,1,2844.0,3,15
276,2014-09-01,3,5,2,1,562.0,3,12
277,2013-10-01,3,3,2,1,2299.0,3,12
278,2014-11-01,2,4,2,1,2030.0,3,15
279,2013-11-01,1,4,2,1,263.0,3,7
280,2013-12-01,4,2,2,1,887.0,3,125
281,2014-04-01,1,5,5,1,980.0,5,350
282,2014-05-01,1,2,5,1,1460.0,5,350
283,2013-10-01,1,1,5,1,1403.0,5,7
284,2014-11-01,3,4,5,1,2723.0,5,12
285,2014-06-01,1,1,6,1,1496.0,10,350
286,2013-10-01,3,3,6,1,2299.0,10,12
287,2013-10-01,1,4,6,1,727.0,10,350
288,2014-02-01,4,3,4,1,952.0,120,125
289,2014-02-01,4,4,4,1,2755.0,120,125
290,2014-05-01,2,2,4,1,1530.0,120,15
291,2014-06-01,1,1,4,1,1496.0,120,350
292,2014-06-01,1,5,4,1,1498.0,120,7
293,2013-10-01,5,1,4,1,1221.0,120,300
294,2013-10-01,1,1,4,1,2076.0,120,350
295,2014-06-01,2,3,1,1,2844.0,250,15
296,2014-06-01,1,5,1,1,1498.0,250,7
297,2013-10-01,5,1,1,1,1221.0,250,300
298,2013-11-01,1,5,1,1,1123.0,250,20
299,2013-12-01,5,3,1,1,2436.0,250,300
300,2014-01-01,4,1,3,1,1987.5,260,125
301,2014-09-01,1,5,3,1,1679.0,260,350
302,2013-10-01,1,4,3,1,727.0,260,350
303,2013-10-01,1,1,3,1,1403.0,260,7
304,2013-10-01,1,1,3,1,2076.0,260,350
305,2013-10-01,1,1,5,1,1757.0,5,20
306,2014-08-01,2,4,6,1,2198.0,10,15
307,2014-08-01,2,2,6,1,1743.0,10,15
308,2014-10-01,2,4,6,1,1153.0,10,15
309,2013-10-01,1,1,6,1,1757.0,10,20
310,2014-08-01,1,2,4,1,1001.0,120,20
311,2014-11-01,1,5,4,1,1333.0,120,7
312,2014-10-01,2,4,1,1,1153.0,250,15
313,2014-02-01,3,5,2,1,727.0,3,12
314,2014-08-01,3,3,2,1,1884.0,3,12
315,2013-09-01,1,5,2,1,1834.0,3,20
316,2014-01-01,3,5,5,1,2340.0,5,12
317,2014-11-01,3,1,5,1,2342.0,5,12
318,2013-09-01,1,1,6,1,1031.0,10,7
319,2014-05-01,2,3,4,1,1262.0,120,15
320,2014-06-01,1,3,4,1,1135.0,120,7
321,2014-11-01,1,4,4,1,547.0,120,7
322,2014-12-01,1,3,4,1,1582.0,120,7
323,2014-04-01,3,1,1,1,1738.5,250,12
324,2013-09-01,3,2,1,1,2215.0,250,12
325,2014-12-01,1,3,1,1,1582.0,250,7
326,2014-06-01,1,3,3,1,1135.0,260,7
327,2014-03-01,1,4,2,1,1761.0,3,350
328,2014-06-01,5,1,2,1,448.0,3,300
329,2014-10-01,5,1,2,1,2181.0,3,300
330,2014-10-01,1,1,5,1,1976.0,5,20
331,2014-10-01,5,1,5,1,2181.0,5,300
332,2013-11-01,4,2,5,1,2500.0,5,125
333,2014-05-01,5,3,6,1,1702.0,10,300
334,2014-06-01,5,1,6,1,448.0,10,300
335,2014-07-01,4,2,6,1,3513.0,10,125
336,2014-08-01,2,1,6,1,2101.0,10,15
337,2013-09-01,2,4,6,1,2931.0,10,15
338,2014-09-01,1,1,6,1,1535.0,10,20
339,2013-09-01,5,2,6,1,1123.0,10,300
340,2013-11-01,5,3,6,1,1404.0,10,300
341,2013-11-01,3,5,6,1,2763.0,10,12
342,2013-12-01,1,2,6,1,2125.0,10,7
343,2014-07-01,5,1,4,1,1659.0,120,300
344,2014-08-01,1,5,4,1,609.0,120,20
345,2014-09-01,4,2,4,1,2087.0,120,125
346,2014-10-01,1,1,4,1,1976.0,120,20
347,2013-12-01,1,4,4,1,1421.0,120,20
348,2014-12-01,5,4,4,1,1372.0,120,300
349,2013-12-01,1,2,4,1,588.0,120,20
350,2014-01-01,3,3,1,1,3244.5,250,12
351,2014-02-01,5,1,1,1,959.0,250,300
352,2014-02-01,5,5,1,1,2747.0,250,300
353,2014-05-01,4,3,3,1,1645.0,260,125
354,2014-09-01,1,1,3,1,2876.0,260,350
355,2013-09-01,4,2,3,1,994.0,260,125
356,2014-11-01,1,3,3,1,1118.0,260,20
357,2014-12-01,5,4,3,1,1372.0,260,300
358,2014-02-01,1,3,5,1,488.0,5,7
359,2014-06-01,1,4,5,1,1282.0,5,20
360,2014-05-01,1,3,6,1,257.0,10,7
361,2014-06-01,1,4,3,1,1282.0,260,20
362,2014-08-01,4,5,2,1,1540.0,3,125
363,2014-11-01,2,1,2,1,490.0,3,15
364,2014-12-01,1,5,2,1,1362.0,3,350
365,2014-03-01,2,1,5,1,2501.0,5,15
366,2014-06-01,1,3,5,1,708.0,5,20
367,2014-07-01,1,2,5,1,645.0,5,20
368,2014-08-01,5,1,5,1,1562.0,5,300
369,2013-09-01,5,3,5,1,1283.0,5,300
370,2014-12-01,2,2,5,1,711.0,5,15
371,2014-03-01,4,5,6,1,1114.0,10,125
372,2014-04-01,1,2,6,1,1259.0,10,7
373,2014-05-01,1,2,6,1,1095.0,10,7
374,2014-06-01,1,2,6,1,1366.0,10,20
375,2014-06-01,5,5,6,1,2460.0,10,300
376,2014-08-01,1,4,6,1,678.0,10,7
377,2014-08-01,1,2,6,1,1598.0,10,7
378,2013-09-01,1,2,6,1,2409.0,10,7
379,2014-09-01,1,2,6,1,1934.0,10,20
380,2014-09-01,1,5,6,1,2993.0,10,20
381,2013-11-01,1,2,6,1,2146.0,10,350
382,2013-12-01,1,5,6,1,1946.0,10,7
383,2014-12-01,1,5,6,1,1362.0,10,350
384,2014-03-01,3,3,4,1,598.0,120,12
385,2014-06-01,1,4,4,1,2907.0,120,7
386,2014-06-01,1,2,4,1,2338.0,120,7
387,2013-11-01,5,1,4,1,386.0,120,300
388,2014-12-01,5,5,4,1,635.0,120,300
389,2014-04-01,1,1,1,1,574.5,250,350
390,2014-06-01,1,2,1,1,2338.0,250,7
391,2014-08-01,1,1,1,1,381.0,250,350
392,2014-08-01,1,2,1,1,422.0,250,350
393,2014-09-01,5,3,1,1,2134.0,250,300
394,2013-12-01,5,4,1,1,808.0,250,300
395,2014-06-01,1,3,3,1,708.0,260,20
396,2014-06-01,1,4,3,1,2907.0,260,7
397,2014-06-01,1,2,3,1,1366.0,260,20
398,2014-06-01,5,5,3,1,2460.0,260,300
399,2014-11-01,1,2,3,1,1520.0,260,20
400,2014-12-01,2,2,3,1,711.0,260,15
401,2013-12-01,3,5,3,1,1375.0,260,12
402,2014-12-01,5,5,3,1,635.0,260,300
403,2014-07-01,1,4,1,1,436.5,250,20
404,2014-06-01,5,3,2,1,1094.0,3,300
405,2013-10-01,3,5,2,1,367.0,3,12
406,2014-04-01,5,3,5,1,3802.5,5,300
407,2014-05-01,1,1,5,1,1666.0,5,350
408,2013-09-01,5,1,5,1,322.0,5,300
409,2014-11-01,3,3,5,1,2321.0,5,12
410,2013-11-01,4,1,5,1,1857.0,5,125
411,2013-12-01,1,3,5,1,1611.0,5,7
412,2014-12-01,4,4,5,1,2797.0,5,125
413,2013-12-01,5,2,5,1,334.0,5,300
414,2014-01-01,5,5,6,1,2565.0,10,300
415,2014-01-01,1,5,6,1,2417.0,10,350
416,2014-04-01,2,4,6,1,3675.0,10,15
417,2014-06-01,5,3,6,1,1094.0,10,300
418,2014-10-01,2,1,6,1,1227.0,10,15
419,2013-10-01,3,5,6,1,367.0,10,12
420,2014-11-01,5,1,6,1,1324.0,10,300
421,2013-11-01,3,2,6,1,1775.0,10,12
422,2014-12-01,4,4,6,1,2797.0,10,125
423,2014-05-01,2,5,4,1,245.0,120,15
424,2014-07-01,5,3,4,1,3793.5,120,300
425,2014-07-01,1,2,4,1,1307.0,120,350
426,2014-09-01,4,3,4,1,567.0,120,125
427,2014-09-01,4,5,4,1,2110.0,120,125
428,2014-10-01,1,3,4,1,1269.0,120,350
429,2014-01-01,3,4,1,1,1956.0,250,12
430,2014-02-01,5,2,1,1,2659.0,250,300
431,2014-04-01,1,4,1,1,1351.5,250,350
432,2014-05-01,3,2,1,1,880.0,250,12
433,2014-09-01,5,4,1,1,1867.0,250,300
434,2013-09-01,3,1,1,1,2234.0,250,12
435,2014-10-01,2,1,1,1,1227.0,250,15
436,2014-11-01,4,5,1,1,877.0,250,125
437,2014-09-01,1,4,3,1,2071.0,260,350
438,2014-10-01,1,3,3,1,1269.0,260,350
439,2013-11-01,2,2,3,1,970.0,260,15
440,2014-11-01,1,5,3,1,1694.0,260,20
441,2014-05-01,1,2,2,1,663.0,3,20
442,2014-07-01,1,3,2,1,819.0,3,7
443,2014-09-01,3,2,2,1,1580.0,3,12
444,2014-12-01,1,5,2,1,521.0,3,7
445,2014-03-01,1,4,6,1,973.0,10,20
446,2014-06-01,1,5,6,1,1038.0,10,20
447,2014-10-01,1,2,6,1,360.0,10,7
448,2014-03-01,3,1,4,1,1967.0,120,12
449,2014-04-01,2,5,4,1,2628.0,120,15
450,2014-10-01,1,2,1,1,360.0,250,7
451,2013-11-01,1,1,1,1,2682.0,250,20
452,2014-12-01,1,5,1,1,521.0,250,7
453,2014-06-01,1,5,3,1,1038.0,260,20
454,2014-07-01,2,3,3,1,1630.5,260,15
455,2013-12-01,3,1,3,1,306.0,260,12
456,2013-10-01,3,4,2,2,386.0,3,12
457,2014-09-01,1,4,5,2,2328.0,5,7
458,2013-10-01,3,4,6,2,386.0,10,12
459,2014-04-01,4,4,2,2,3445.5,3,125
460,2013-12-01,4,1,2,2,1482.0,3,125
461,2014-05-01,1,4,5,2,2313.0,5,350
462,2013-11-01,4,4,5,2,1804.0,5,125
463,2014-12-01,2,1,5,2,2072.0,5,15
464,2014-03-01,1,1,6,2,1954.0,10,20
465,2014-05-01,5,5,6,2,591.0,10,300
466,2013-10-01,2,1,6,2,2167.0,10,15
467,2014-10-01,1,2,6,2,241.0,10,20
468,2014-01-01,2,2,4,2,681.0,120,15
469,2014-04-01,2,2,4,2,510.0,120,15
470,2014-05-01,2,4,4,2,790.0,120,15
471,2014-07-01,1,1,4,2,639.0,120,350
472,2014-09-01,4,4,4,2,1596.0,120,125
473,2013-10-01,5,4,4,2,2294.0,120,300
474,2014-10-01,1,2,4,2,241.0,120,20
475,2014-11-01,1,2,4,2,2665.0,120,7
476,2013-12-01,4,3,4,2,1916.0,120,125
477,2014-12-01,5,1,4,2,853.0,120,300
478,2014-05-01,4,5,1,2,341.0,250,125
479,2014-07-01,2,5,1,2,641.0,250,15
480,2014-08-01,1,4,1,2,2807.0,250,350
481,2014-09-01,5,5,1,2,432.0,250,300
482,2013-10-01,5,4,1,2,2294.0,250,300
483,2013-10-01,2,1,1,2,2167.0,250,15
484,2014-11-01,4,3,1,2,2529.0,250,125
485,2013-12-01,1,2,1,2,1870.0,250,350
486,2014-01-01,4,4,3,2,579.0,260,125
487,2014-02-01,1,3,3,2,2240.0,260,350
488,2014-03-01,5,4,3,2,2993.0,260,300
489,2014-04-01,3,3,3,2,3520.5,260,12
490,2014-05-01,1,5,3,2,2039.0,260,20
491,2014-08-01,3,2,3,2,2574.0,260,12
492,2014-09-01,1,3,3,2,707.0,260,350
493,2014-12-01,2,1,3,2,2072.0,260,15
494,2014-12-01,5,1,3,2,853.0,260,300
495,2013-10-01,3,1,2,2,1198.0,3,12
496,2014-04-01,1,1,6,2,2532.0,10,7
497,2013-10-01,3,1,6,2,1198.0,10,12
498,2014-01-01,2,3,4,2,384.0,120,15
499,2014-10-01,3,2,4,2,472.0,120,12
500,2014-03-01,1,4,1,2,1579.0,250,7
501,2013-09-01,3,5,1,2,1005.0,250,12
502,2014-07-01,2,4,3,2,3199.5,260,15
503,2014-10-01,3,2,3,2,472.0,260,12
504,2014-02-01,3,3,2,2,1937.0,3,12
505,2014-03-01,1,2,2,2,792.0,3,350
506,2014-07-01,5,2,2,2,2811.0,3,300
507,2014-10-01,4,1,2,2,2441.0,3,125
508,2013-11-01,2,3,2,2,1560.0,3,15
509,2013-11-01,1,5,2,2,2706.0,3,7
510,2014-01-01,1,2,5,2,766.0,5,350
511,2013-10-01,1,2,5,2,2992.0,5,20
512,2014-12-01,2,5,5,2,2157.0,5,15
513,2014-01-01,5,3,6,2,873.0,10,300
514,2014-03-01,1,5,6,2,1122.0,10,20
515,2014-07-01,1,3,6,2,2104.5,10,350
516,2014-07-01,3,3,6,2,4026.0,10,12
517,2014-07-01,3,1,6,2,2425.5,10,12
518,2014-08-01,1,3,6,2,2394.0,10,20
519,2014-08-01,2,5,6,2,1984.0,10,15
520,2014-10-01,4,1,6,2,2441.0,10,125
521,2013-10-01,1,2,6,2,2992.0,10,20
522,2014-11-01,5,3,6,2,1366.0,10,300
523,2013-09-01,1,1,4,2,2805.0,120,20
524,2013-09-01,2,5,4,2,655.0,120,15
525,2013-10-01,1,5,4,2,344.0,120,350
526,2014-11-01,1,3,4,2,1808.0,120,7
527,2014-01-01,3,1,1,2,1734.0,250,12
528,2014-01-01,4,5,1,2,554.0,250,125
529,2013-11-01,1,3,1,2,2935.0,250,20
530,2014-01-01,4,2,3,2,3165.0,260,125
531,2014-01-01,1,5,3,2,2629.0,260,20
532,2014-05-01,4,1,3,2,1433.0,260,125
533,2013-09-01,4,5,3,2,947.0,260,125
534,2013-10-01,1,5,3,2,344.0,260,350
535,2014-12-01,2,5,3,2,2157.0,260,15
536,2013-09-01,1,4,6,2,380.0,10,7
537,2014-06-01,1,5,2,2,886.0,3,350
538,2013-09-01,4,3,2,2,2416.0,3,125
539,2014-10-01,4,5,2,2,2156.0,3,125
540,2014-11-01,2,3,2,2,2689.0,3,15
541,2014-03-01,2,4,5,2,677.0,5,15
542,2014-04-01,5,1,5,2,1773.0,5,300
543,2014-09-01,1,5,5,2,2420.0,5,7
544,2014-10-01,1,3,5,2,2734.0,5,7
545,2013-10-01,1,5,5,2,1715.0,5,20
546,2013-12-01,5,1,5,2,1186.0,5,300
547,2014-01-01,5,4,6,2,3495.0,10,300
548,2014-06-01,1,5,6,2,886.0,10,350
549,2014-10-01,4,5,6,2,2156.0,10,125
550,2014-10-01,1,5,6,2,905.0,10,20
551,2013-10-01,1,5,6,2,1715.0,10,20
552,2014-11-01,1,1,6,2,1594.0,10,350
553,2014-11-01,5,2,6,2,1359.0,10,300
554,2014-11-01,5,5,6,2,2150.0,10,300
555,2014-11-01,1,5,6,2,1197.0,10,350
556,2013-12-01,2,5,6,2,380.0,10,15
557,2014-12-01,1,5,6,2,1233.0,10,20
558,2014-07-01,1,5,4,2,1395.0,120,350
559,2014-10-01,1,4,4,2,986.0,120,350
560,2014-10-01,1,5,4,2,905.0,120,20
561,2014-05-01,3,3,1,2,2109.0,250,12
562,2014-07-01,2,1,1,2,3874.5,250,15
563,2013-09-01,1,3,1,2,623.0,250,350
564,2014-10-01,1,4,1,2,986.0,250,350
565,2014-11-01,4,4,1,2,2387.0,250,125
566,2014-12-01,1,5,1,2,1233.0,250,20
567,2014-02-01,1,4,3,2,270.0,260,350
568,2014-07-01,1,1,3,2,3421.5,260,7
569,2014-10-01,1,3,3,2,2734.0,260,7
570,2013-11-01,2,4,3,2,2548.0,260,15
571,2014-01-01,1,1,2,2,2521.5,3,20
572,2014-05-01,3,5,5,2,2661.0,5,12
573,2014-12-01,1,2,6,2,1531.0,10,20
574,2014-03-01,1,1,1,2,1491.0,250,7
575,2014-12-01,1,2,1,2,1531.0,250,20
576,2013-09-01,3,3,3,2,2761.0,260,12
577,2014-06-01,2,4,2,2,2567.0,3,15
578,2014-06-01,2,4,1,2,2567.0,250,15
579,2014-03-01,1,3,2,2,923.0,3,350
580,2014-03-01,1,1,2,2,1790.0,3,350
581,2013-09-01,1,2,2,2,442.0,3,20
582,2014-01-01,1,4,5,2,982.5,5,350
583,2014-02-01,1,4,5,2,1298.0,5,7
584,2014-06-01,3,5,5,2,604.0,5,12
585,2014-07-01,1,5,5,2,2255.0,5,20
586,2014-10-01,1,3,5,2,1249.0,5,20
587,2014-01-01,1,4,6,2,1438.5,10,7
588,2014-01-01,5,2,6,2,807.0,10,300
589,2014-02-01,1,4,6,2,2641.0,10,20
590,2014-02-01,1,2,6,2,2708.0,10,20
591,2014-06-01,1,3,6,2,2632.0,10,350
592,2014-06-01,4,3,6,2,1583.0,10,125
593,2014-07-01,3,5,6,2,571.0,10,12
594,2014-08-01,1,1,6,2,2696.0,10,7
595,2014-10-01,2,3,6,2,1565.0,10,15
596,2014-10-01,1,3,6,2,1249.0,10,20
597,2014-11-01,1,2,6,2,357.0,10,350
598,2014-12-01,3,2,6,2,1013.0,10,12
599,2014-01-01,2,1,4,2,3997.5,120,15
600,2014-06-01,1,3,4,2,2632.0,120,350
601,2014-06-01,1,1,4,2,1190.0,120,7
602,2014-06-01,3,5,4,2,604.0,120,12
603,2013-09-01,2,2,4,2,660.0,120,15
604,2014-10-01,3,5,4,2,410.0,120,12
605,2013-11-01,5,5,4,2,2605.0,120,300
606,2014-12-01,3,2,4,2,1013.0,120,12
607,2014-06-01,4,3,1,2,1583.0,250,125
608,2014-10-01,2,3,1,2,1565.0,250,15
609,2014-01-01,4,3,3,2,1659.0,260,125
610,2014-06-01,1,1,3,2,1190.0,260,7
611,2014-10-01,3,5,3,2,410.0,260,12
612,2013-12-01,3,2,3,2,1770.0,260,12
613,2014-04-01,1,5,2,2,2579.0,3,20
614,2014-05-01,1,4,2,2,1743.0,3,20
615,2013-10-01,1,4,2,2,2996.0,3,7
616,2014-12-01,1,2,2,2,280.0,3,7
617,2014-02-01,1,1,5,2,293.0,5,7
618,2013-10-01,1,4,5,2,2996.0,5,7
619,2014-02-01,2,2,6,2,278.0,10,15
620,2014-03-01,1,3,6,2,2428.0,10,20
621,2014-09-01,2,4,6,2,1767.0,10,15
622,2014-10-01,3,1,6,2,1393.0,10,12
623,2014-12-01,1,2,1,2,280.0,250,7
624,2014-10-01,3,1,3,2,1393.0,260,12
625,2013-12-01,3,4,3,2,2015.0,260,12
626,2014-07-01,5,5,2,2,801.0,3,300
627,2013-09-01,4,1,2,2,1023.0,3,125
628,2014-10-01,5,3,2,2,1496.0,3,300
629,2014-10-01,5,4,2,2,1010.0,3,300
630,2014-11-01,2,2,2,2,1513.0,3,15
631,2014-12-01,2,3,2,2,2300.0,3,15
632,2013-12-01,4,5,2,2,2821.0,3,125
633,2014-01-01,1,3,5,2,2227.5,5,350
634,2014-04-01,1,2,5,2,1199.0,5,350
635,2014-05-01,1,3,5,2,200.0,5,350
636,2014-09-01,1,3,5,2,388.0,5,7
637,2013-10-01,1,5,5,2,1727.0,5,7
638,2014-12-01,2,3,5,2,2300.0,5,15
639,2014-02-01,1,5,6,2,260.0,10,20
640,2013-09-01,2,3,6,2,2470.0,10,15
641,2013-10-01,2,3,6,2,1743.0,10,15
642,2014-10-01,3,4,6,2,2914.0,10,12
643,2014-10-01,1,1,6,2,1731.0,10,7
644,2014-11-01,1,3,6,2,700.0,10,350
645,2013-11-01,3,3,6,2,2222.0,10,12
646,2014-11-01,1,4,6,2,1177.0,10,350
647,2013-11-01,1,1,6,2,1922.0,10,350
648,2014-02-01,4,5,4,2,1575.0,120,125
649,2014-04-01,1,4,4,2,606.0,120,20
650,2014-07-01,5,4,4,2,2460.0,120,300
651,2013-10-01,5,3,4,2,269.0,120,300
652,2013-11-01,5,2,4,2,2536.0,120,300
653,2014-03-01,1,5,1,2,2903.0,250,7
654,2014-08-01,5,4,1,2,2541.0,250,300
655,2013-10-01,5,3,1,2,269.0,250,300
656,2014-10-01,5,3,1,2,1496.0,250,300
657,2014-10-01,5,4,1,2,1010.0,250,300
658,2013-12-01,1,1,1,2,1281.0,250,350
659,2014-03-01,5,3,3,2,888.0,260,300
660,2014-05-01,4,4,3,2,2844.0,260,125
661,2014-08-01,3,1,3,2,2475.0,260,12
662,2013-10-01,2,3,3,2,1743.0,260,15
663,2014-10-01,3,4,3,2,2914.0,260,12
664,2014-10-01,1,1,3,2,1731.0,260,7
665,2013-10-01,1,5,3,2,1727.0,260,7
666,2013-11-01,2,5,3,2,1870.0,260,15
667,2014-08-01,4,1,2,2,1174.0,3,125
668,2014-08-01,4,2,2,2,2767.0,3,125
669,2014-10-01,4,2,2,2,1085.0,3,125
670,2014-10-01,5,5,5,2,546.0,5,300
671,2014-03-01,1,2,6,2,1158.0,10,20
672,2014-04-01,2,3,6,2,1614.0,10,15
673,2014-04-01,1,5,6,2,2535.0,10,7
674,2014-05-01,1,5,6,2,2851.0,10,350
675,2014-08-01,2,3,6,2,2559.0,10,15
676,2013-10-01,1,4,6,2,267.0,10,20
677,2014-10-01,4,2,6,2,1085.0,10,125
678,2014-10-01,2,2,6,2,1175.0,10,15
679,2013-11-01,1,4,6,2,2007.0,10,350
680,2013-11-01,1,5,6,2,2151.0,10,350
681,2014-12-01,3,4,6,2,914.0,10,12
682,2014-12-01,1,1,6,2,293.0,10,20
683,2014-03-01,3,5,4,2,500.0,120,12
684,2014-05-01,2,1,4,2,2826.0,120,15
685,2014-09-01,4,1,4,2,663.0,120,125
686,2013-11-01,5,4,4,2,2574.0,120,300
687,2013-12-01,4,4,4,2,2438.0,120,125
688,2014-12-01,3,4,4,2,914.0,120,12
689,2014-07-01,1,3,1,2,865.5,250,20
690,2014-07-01,2,2,1,2,492.0,250,15
691,2013-10-01,1,4,1,2,267.0,250,20
692,2014-10-01,2,2,1,2,1175.0,250,15
693,2013-11-01,4,3,1,2,2954.0,250,125
694,2014-11-01,4,2,1,2,552.0,250,125
695,2014-12-01,1,1,1,2,293.0,250,20
696,2014-03-01,5,1,3,2,2475.0,260,300
697,2014-10-01,5,5,3,2,546.0,260,300
698,2014-02-01,1,5,5,2,1368.0,5,7
699,2014-04-01,1,3,6,2,723.0,10,7
700,2014-05-01,3,4,1,2,1806.0,250,12
